{
  "categories": [
    {
      "color": "#c800ff",
      "created_at": "2025-10-21T13:13:55.128746",
      "description": "",
      "id": 7,
      "is_template": false,
      "name": "Marketing",
      "prompt_count": 4
    }
  ],
  "data": [
    {
      "color": "#c800ff",
      "created_at": "2025-10-21T13:13:55.128746",
      "description": "",
      "id": 7,
      "is_template": false,
      "name": "Marketing",
      "prompt_count": 4
    },
    {
      "color": "#f264ed",
      "created_at": "2025-10-20T00:37:42.604539",
      "description": "",
      "id": 1,
      "is_template": true,
      "name": "CLAUDE",
      "prompt_count": 0
    },
    {
      "color": "#0004ff",
      "created_at": "2025-10-20T00:37:51.642925",
      "description": "",
      "id": 2,
      "is_template": true,
      "name": "GPT",
      "prompt_count": 0
    },
    {
      "color": "#6366f1",
      "created_at": "2025-10-21T12:21:58.129840",
      "description": "",
      "id": 6,
      "is_template": true,
      "name": "NOME MUITO GRANDE",
      "prompt_count": 0
    },
    {
      "color": "#1eff00",
      "created_at": "2025-10-20T00:38:03.348364",
      "description": "",
      "id": 3,
      "is_template": true,
      "name": "VEO3",
      "prompt_count": 0
    }
  ],
  "success": true,
  "templates": [
    {
      "color": "#f264ed",
      "created_at": "2025-10-20T00:37:42.604539",
      "description": "",
      "id": 1,
      "is_template": true,
      "name": "CLAUDE",
      "prompt_count": 0
    },
    {
      "color": "#0004ff",
      "created_at": "2025-10-20T00:37:51.642925",
      "description": "",
      "id": 2,
      "is_template": true,
      "name": "GPT",
      "prompt_count": 0
    },
    {
      "color": "#6366f1",
      "created_at": "2025-10-21T12:21:58.129840",
      "description": "",
      "id": 6,
      "is_template": true,
      "name": "NOME MUITO GRANDE",
      "prompt_count": 0
    },
    {
      "color": "#1eff00",
      "created_at": "2025-10-20T00:38:03.348364",
      "description": "",
      "id": 3,
      "is_template": true,
      "name": "VEO3",
      "prompt_count": 0
    }
  ]
}
